"averaging","ppfd","replicate","species","instrument","Leak","LeakPct","CorrFact","CorrFactPct","DarkAdaptedID","Qmax_d","Fo","Fm","Fv/Fm","A_dark","PS2/1","S","K","Geometry","Tleaf2","Offset","Offset2","Qamb_in","f_farred","Q_modavg","Q_farred","state","period","Total","Tleaf2_mv","Tleaf2_j","Pump","AccH2O_hum","AccH2O_des","DAC_1","DAC_2","DAC_3","DAC_4","GPIO","GPIO_dir","excit_5v","power_12v","power_5v","ch1_pullup","AuxPower","MatchValveR","MatchValveS","co2_fit_low","co2_fit_high","h2o_fit_low","h2o_fit_high","DIAG","oxygen","file_name","date_ymd","curve_identifier","ppfd_replicate","VcMax","J","TPU","gm","rL","ag","as","J_lower","J_upper","rL_lower","rL_upper","TPU_lower","TPU_upper","VcMax_lower","VcMax_upper","npts","nparam","dof","RSS","MSE","RMSE","RSE","AIC"
"SysObs","UserDefCon","UserDefCon","UserDefCon","UserDefCon","Leak","Leak","Leak","Leak","FLR","FLR","FLR","FLR","FLR","FLR","FLR","Const","Const","Const","Meas","Meas","Meas","Meas","FlrLS","FlrLS","FlrLS","FlrLS","FlrStats","Stability","Raw","Status2","Status2","Status2","Status2","Auxiliary","Auxiliary","Auxiliary","Auxiliary","Auxiliary","Auxiliary","Auxiliary","Auxiliary","Auxiliary","Auxiliary","Auxiliary","MchStatus","MchStatus","MchStatus","MchStatus","MchStatus","MchStatus","Status","in","read_gasex_file","NA","NA","NA","fit_c3_aci_msu","fit_c3_aci_msu","fit_c3_aci_msu","fit_c3_aci_msu","fit_c3_aci_msu","fit_c3_aci_msu","fit_c3_aci_msu","fit_c3_aci_msu","fit_c3_aci_msu","fit_c3_aci_msu","fit_c3_aci_msu","fit_c3_aci_msu","fit_c3_aci_msu","fit_c3_aci_msu","fit_c3_aci_msu","residual_stats","residual_stats","residual_stats","residual_stats","residual_stats","residual_stats","residual_stats","residual_stats"
"s","micromol m^(-2) s^(-1)","NA","NA","NA","micromol s^(-1)","%","NA","%","NA","NA","NA","NA","NA","micromol m^(-2) s^(-1)","NA","cm^2","NA","NA","degrees C","degrees C","degrees C","micromol m^(-2) s^(-1)","NA","micromol m^(-2) s^(-1)","micromol m^(-2) s^(-1)","NA","s","NA","mV","degrees C","NA","mg","mg","V","V","V","V","NA","NA","NA","NA","NA","NA","V","%","%","micromol mol^(-1)","micromol mol^(-1)","mmol mol^(-1)","mmol mol^(-1)","NA","percent","NA","NA","NA","NA","micromol m^(-2) s^(-1)","micromol m^(-2) s^(-1)","micromol m^(-2) s^(-1)","","micromol m^(-2) s^(-1)","dimensionless","dimensionless","micromol m^(-2) s^(-1)","micromol m^(-2) s^(-1)","micromol m^(-2) s^(-1)","micromol m^(-2) s^(-1)","micromol m^(-2) s^(-1)","micromol m^(-2) s^(-1)","micromol m^(-2) s^(-1)","micromol m^(-2) s^(-1)","NA","NA","NA","(micromol m^(-2) s^(-1))^2","(micromol m^(-2) s^(-1))^2","micromol m^(-2) s^(-1)","micromol m^(-2) s^(-1)",""
"none","100","wt-3-2","tobacco","mcgrath1","0","0","1","0","RECT-12243-20210724-05_20_30","10238.9","302.212","4052.3","0.925422105964514","-0.323430118240924","0.5","6","0.5","0: Broadleaf","999.9","0","0","0","0","5.00098","0","0","15","2","0","999.9","1","9999","9999","5","0","0","0","11111111","oooooooo","off","off","off","off","0","100","100","1","2242","1","25","18","21","data/tobacco/2023-03-23 ed aci mcgrath1","2023-03-23","100 - wt-3-2 - mcgrath1","100 - wt-3-2","27.8304369897734","35.4181319239724","2.36228111728143","Inf","1.06905513721931","0","0.550064649987768",NA,NA,NA,NA,NA,NA,NA,NA,"17","6","11","0.263257436362498","0.0154857315507352","0.124441679314991","0.154701306441712","-8.60930568129623"
"none","100","wt-4","tobacco","ripe5","0","0","1","0","RECT-12243-20210724-05_20_30","10238.9","302.212","4052.3","0.925422105964514","-0.323430118240924","0.5","6","0.5","0: Broadleaf","999.9","0","0","0","0","4.99958","0","0","15","2","0","999.9","1","9999","9999","5","0","0","0","11111111","oooooooo","off","off","off","off","0","100","100","6","2275","1","21","18","21","data/tobacco/2023-03-23 ed aci ripe5","2023-03-23","100 - wt-4 - ripe5","100 - wt-4","28.6465935111478","40.1409282391814","2.64548727528417","Inf","1.19763983596377","0","0.75",NA,NA,NA,NA,NA,NA,NA,NA,"17","6","11","0.686942778496724","0.0404083987351014","0.201018403971133","0.249898666462433","7.69571048460696"
"none","100","wt-7","tobacco","ripe5","0","0","1","0","RECT-12243-20210724-05_20_30","10238.9","302.212","4052.3","0.925422105964514","-0.323430118240924","0.5","6","0.5","0: Broadleaf","999.9","0","0","0","0","4.99958","0","0","15","2","0","999.9","1","9999","9999","5","0","0","0","11111111","oooooooo","off","off","off","off","0","100","100","6","2275","1","21","18","21","data/tobacco/2023-03-23 ed aci ripe5","2023-03-23","100 - wt-7 - ripe5","100 - wt-7","38.1635168306351","37.8246376820412","2.5821792885439","Inf","1.38291257288089","0","0.474568777293474",NA,NA,NA,NA,NA,NA,NA,NA,"17","6","11","0.471458931696619","0.0277328783350952","0.166531913863665","0.207026333787542","1.29658748450856"
"none","100","wt-8","tobacco","mcgrath1","0","0","1","0","RECT-12243-20210724-05_20_30","10238.9","302.212","4052.3","0.925422105964514","-0.323430118240924","0.5","6","0.5","0: Broadleaf","999.9","0","0","0","0","5.00098","0","0","15","2","0","999.9","1","9999","9999","5","0","0","0","11111111","oooooooo","off","off","off","off","0","100","100","1","2242","1","25","18","21","data/tobacco/2023-03-21 ed aci mcgrath1","2023-03-21","100 - wt-8 - mcgrath1","100 - wt-8","26.9471962262253","35.932569120813","2.39915482950412","Inf","1.29814504750937","0","0.75",NA,NA,NA,NA,NA,NA,NA,NA,"16","6","10","0.194720635971112","0.0121700397481945","0.110317903117284","0.139542336217763","-11.1344166319778"
"none","1000","wt-1","tobacco","mcgrath1","0","0","1","0","RECT-12243-20210724-05_20_30","10238.9","302.212","4052.3","0.925422105964514","-0.323430118240924","0.5","6","0.5","0: Broadleaf","999.9","0","0","0","0","5.00098","0","0","15","2","0","999.9","1","9999","9999","5","0","0","0","11111111","oooooooo","off","off","off","off","0","100","100","1","2242","1","25","18","21","data/tobacco/2023-03-23 ed aci mcgrath1","2023-03-23","1000 - wt-1 - mcgrath1","1000 - wt-1","76.1426514381358","151.826177736005","7.29152620204266","Inf","1.48945988108352","0.0249953536652939","0.75",NA,NA,NA,NA,NA,NA,NA,NA,"17","6","11","25.7571823429081","1.51512837311224","1.23090550941664","1.53021633476233","69.3074130206436"
"none","1000","wt-5","tobacco","mcgrath1","0","0","1","0","RECT-12243-20210724-05_20_30","10238.9","302.212","4052.3","0.925422105964514","-0.323430118240924","0.5","6","0.5","0: Broadleaf","999.9","0","0","0","0","5.00098","0","0","15","2","0","999.9","1","9999","9999","5","0","0","0","11111111","oooooooo","off","off","off","off","0","100","100","1","2242","1","25","18","21","data/tobacco/2023-03-21 ed aci mcgrath1","2023-03-21","1000 - wt-5 - mcgrath1","1000 - wt-5","96.5405399003518","184.041460930674","12.9290026617779","Inf","6.82651643480035","0.913098455969421","0.75",NA,NA,NA,NA,NA,NA,NA,NA,"16","6","10","29.7449286511338","1.85905804069586","1.36347278692897","1.7246718137412","69.3271519379552"
"none","1200","wt-6","tobacco","mcgrath1","0","0","1","0","RECT-12243-20210724-05_20_30","10238.9","302.212","4052.3","0.925422105964514","-0.323430118240924","0.5","6","0.5","0: Broadleaf","999.9","0","0","0","0","5.00098","0","0","15","2","0","999.9","1","9999","9999","5","0","0","0","11111111","oooooooo","off","off","off","off","0","100","100","1","2242","1","25","18","21","data/tobacco/2023-03-23 ed aci mcgrath1","2023-03-23","1200 - wt-6 - mcgrath1","1200 - wt-6","107.725835803615","204.410028374364","10.4467326510279","Inf","1.41080135177777","0.00166776426540799","0.75",NA,NA,NA,NA,NA,NA,NA,NA,"17","6","11","46.78762031224","2.75221295954353","1.65897949340657","2.06238212472506","79.4548002397064"
"none","150","wt-1","tobacco","ripe5","0","0","1","0","RECT-12243-20210724-05_20_30","10238.9","302.212","4052.3","0.925422105964514","-0.323430118240924","0.5","6","0.5","0: Broadleaf","999.9","0","0","0","0","4.99958","0","0","15","2","0","999.9","1","9999","9999","5","0","0","0","11111111","oooooooo","off","off","off","off","0","100","100","6","2275","1","21","18","21","data/tobacco/2023-03-24 ed aci ripe5","2023-03-24","150 - wt-1 - ripe5","150 - wt-1","36.1877351856772","63.7163889718842","4.46451524093053","Inf","3.69928665008964","0.52595278602958","0.75",NA,NA,NA,NA,NA,NA,NA,NA,"17","6","11","0.756567713019327","0.0445039831187839","0.210959671782983","0.26225728398227","9.33690817497793"
"none","150","wt-3","tobacco","mcgrath1","0","0","1","0","RECT-12243-20210724-05_20_30","10238.9","302.212","4052.3","0.925422105964514","-0.323430118240924","0.5","6","0.5","0: Broadleaf","999.9","0","0","0","0","5.00098","0","0","15","2","0","999.9","1","9999","9999","5","0","0","0","11111111","oooooooo","off","off","off","off","0","100","100","1","2242","1","25","18","21","data/tobacco/2023-03-24 ed aci mcgrath1","2023-03-24","150 - wt-3 - mcgrath1","150 - wt-3","39.0079577605067","53.5179471213079","3.36703089637318","Inf","1.30193553836506","0","0.75",NA,NA,NA,NA,NA,NA,NA,NA,"17","6","11","0.990190477451054","0.0582464986735914","0.241343113996632","0.300028858831803","13.9116980807954"
"none","150","wt-6","tobacco","ripe5","0","0","1","0","RECT-12243-20210724-05_20_30","10238.9","302.212","4052.3","0.925422105964514","-0.323430118240924","0.5","6","0.5","0: Broadleaf","999.9","0","0","0","0","4.99958","0","0","15","2","0","999.9","1","9999","9999","5","0","0","0","11111111","oooooooo","off","off","off","off","0","100","100","6","2275","1","21","18","21","data/tobacco/2023-03-23 ed aci ripe5","2023-03-23","150 - wt-6 - ripe5","150 - wt-6","42.7122157145777","56.4518530655985","3.7125524901061","Inf","1.01850526182258","0","0.673425955709799",NA,NA,NA,NA,NA,NA,NA,NA,"17","6","11","2.15060138458503","0.126505963799119","0.35567676870878","0.442164241860937","27.0969910653898"
"none","1500","wt-10","tobacco","mcgrath2","0","0","1","0","RECT-12243-20210724-05_20_30","10238.9","302.212","4052.3","0.925422105964514","-0.323430118240924","0.5","6","0.5","0: Broadleaf","999.9","0","0","0","0","4.99977","0","0","15","2","0","999.9","1","9999","9999","5","0","0","0","11111111","oooooooo","off","off","off","off","0","100","100","2","2094","1","26","18","21","data/tobacco/2023-03-21 ed aci mcgrath2","2023-03-21","1500 - wt-10 - mcgrath2","1500 - wt-10","101.172928685592","204.991525437908","10.7151829351129","Inf","2.02519867209801","0.0221592728914181","0.75",NA,NA,NA,NA,NA,NA,NA,NA,"16","6","10","14.0966837130842","0.881042732067762","0.938638765483166","1.18729455962218","57.3796466597884"
"none","1500","wt-7","tobacco","mcgrath1","0","0","1","0","RECT-12243-20210724-05_20_30","10238.9","302.212","4052.3","0.925422105964514","-0.323430118240924","0.5","6","0.5","0: Broadleaf","999.9","0","0","0","0","5.00098","0","0","15","2","0","999.9","1","9999","9999","5","0","0","0","11111111","oooooooo","off","off","off","off","0","100","100","1","2242","1","25","18","21","data/tobacco/2023-03-23 ed aci mcgrath1","2023-03-23","1500 - wt-7 - mcgrath1","1500 - wt-7","111.863686519338","213.008359507267","11.9092664225821","Inf","3.09194094607856","0.286125399516078","0.75",NA,NA,NA,NA,NA,NA,NA,NA,"17","6","11","14.6953792409472","0.864434072996896","0.929749467865885","1.15583025023523","59.7673460993402"
"none","200","wt-1","tobacco","ripe5","0","0","1","0","RECT-12243-20210724-05_20_30","10238.9","302.212","4052.3","0.925422105964514","-0.323430118240924","0.5","6","0.5","0: Broadleaf","999.9","0","0","0","0","4.99958","0","0","15","2","0","999.9","1","9999","9999","5","0","0","0","11111111","oooooooo","off","off","off","off","0","100","100","6","2275","1","21","18","21","data/tobacco/2023-03-23 ed aci ripe5","2023-03-23","200 - wt-1 - ripe5","200 - wt-1","49.0848631149288","77.8568359905154","4.97278335880728","Inf","1.26692428278736","0","0.75",NA,NA,NA,NA,NA,NA,NA,NA,"17","6","11","3.9754499574028","0.233849997494282","0.48358039403421","0.601169311909775","37.5416282350287"
"none","200","wt-10","tobacco","mcgrath1","0","0","1","0","RECT-12243-20210724-05_20_30","10238.9","302.212","4052.3","0.925422105964514","-0.323430118240924","0.5","6","0.5","0: Broadleaf","999.9","0","0","0","0","5.00098","0","0","15","2","0","999.9","1","9999","9999","5","0","0","0","11111111","oooooooo","off","off","off","off","0","100","100","1","2242","1","25","18","21","data/tobacco/2023-03-21 ed aci mcgrath1","2023-03-21","200 - wt-10 - mcgrath1","200 - wt-10","49.1153675200444","69.2342165320828","4.50883859584992","Inf","1.57939578754919","0","0.75",NA,NA,NA,NA,NA,NA,NA,NA,"16","6","10","0.749630437835961","0.0468519023647475","0.216453002669742","0.273793797927557","10.4338144115964"
"none","200","wt-8","tobacco","mcgrath1","0","0","1","0","RECT-12243-20210724-05_20_30","10238.9","302.212","4052.3","0.925422105964514","-0.323430118240924","0.5","6","0.5","0: Broadleaf","999.9","0","0","0","0","5.00098","0","0","15","2","0","999.9","1","9999","9999","5","0","0","0","11111111","oooooooo","off","off","off","off","0","100","100","1","2242","1","25","18","21","data/tobacco/2023-03-23 ed aci mcgrath1","2023-03-23","200 - wt-8 - mcgrath1","200 - wt-8","41.162245589938","67.4130018145668","4.7386990871781","Inf","1.08237086192099","0","0.443712309854002",NA,NA,NA,NA,NA,NA,NA,NA,"17","6","11","1.47860583069745","0.0869768135704383","0.294918316776762","0.36663157512902","20.7279771179072"
"none","250","wt-1","tobacco","mcgrath2","0","0","1","0","RECT-12243-20210724-05_20_30","10238.9","302.212","4052.3","0.925422105964514","-0.323430118240924","0.5","6","0.5","0: Broadleaf","999.9","0","0","0","0","4.99977","0","0","15","2","0","999.9","1","9999","9999","5","0","0","0","11111111","oooooooo","off","off","off","off","0","100","100","2","2094","1","26","18","21","data/tobacco/2023-03-21 ed aci mcgrath2","2023-03-21","250 - wt-1 - mcgrath2","250 - wt-1","42.017822994826","82.6945805979214","5.90100833654952","Inf","2.78533536765879","0.542368596199715","0.75",NA,NA,NA,NA,NA,NA,NA,NA,"16","6","10","0.537764585078699","0.0336102865674187","0.183331084564017","0.231897517252492","5.11926328612035"
"none","250","wt-1","tobacco","ripe5","0","0","1","0","RECT-12243-20210724-05_20_30","10238.9","302.212","4052.3","0.925422105964514","-0.323430118240924","0.5","6","0.5","0: Broadleaf","999.9","0","0","0","0","4.99958","0","0","15","2","0","999.9","1","9999","9999","5","0","0","0","11111111","oooooooo","off","off","off","off","0","100","100","6","2275","1","21","18","21","data/tobacco/2023-03-24 ed aci ripe5","2023-03-24","250 - wt-1 - ripe5","250 - wt-1","64.6278907287571","96.5405293927571","6.19811371783687","Inf","1.6603023441618","0","0.75",NA,NA,NA,NA,NA,NA,NA,NA,"17","6","11","3.84252716040783","0.226031009435755","0.475427186260688","0.59103354468775","36.9634977820566"
"none","250","wt-5","tobacco","ripe5","0","0","1","0","RECT-12243-20210724-05_20_30","10238.9","302.212","4052.3","0.925422105964514","-0.323430118240924","0.5","6","0.5","0: Broadleaf","999.9","0","0","0","0","4.99958","0","0","15","2","0","999.9","1","9999","9999","5","0","0","0","11111111","oooooooo","off","off","off","off","0","100","100","6","2275","1","21","18","21","data/tobacco/2023-03-23 ed aci ripe5","2023-03-23","250 - wt-5 - ripe5","250 - wt-5","61.4290386405463","90.4229779255635","5.99875391760906","Inf","0.950305228287411","0","0.553451079070002",NA,NA,NA,NA,NA,NA,NA,NA,"17","6","11","5.9321945239916","0.34895261905833","0.59072211661519","0.734363950144589","44.3459849528446"
"none","250","wt-7","tobacco","mcgrath1","0","0","1","0","RECT-12243-20210724-05_20_30","10238.9","302.212","4052.3","0.925422105964514","-0.323430118240924","0.5","6","0.5","0: Broadleaf","999.9","0","0","0","0","5.00098","0","0","15","2","0","999.9","1","9999","9999","5","0","0","0","11111111","oooooooo","off","off","off","off","0","100","100","1","2242","1","25","18","21","data/tobacco/2023-03-24 ed aci mcgrath1","2023-03-24","250 - wt-7 - mcgrath1","250 - wt-7","55.6132076376991","86.2438347730098","5.56195341599623","Inf","1.54133576399113","0","0.75",NA,NA,NA,NA,NA,NA,NA,NA,"17","6","11","2.77777077348878","0.163398280793458","0.404225532090017","0.502518274067429","31.4473116217442"
"none","300","wt-1","tobacco","mcgrath1","0","0","1","0","RECT-12243-20210724-05_20_30","10238.9","302.212","4052.3","0.925422105964514","-0.323430118240924","0.5","6","0.5","0: Broadleaf","999.9","0","0","0","0","5.00098","0","0","15","2","0","999.9","1","9999","9999","5","0","0","0","11111111","oooooooo","off","off","off","off","0","100","100","1","2242","1","25","18","21","data/tobacco/2023-03-21 ed aci mcgrath1","2023-03-21","300 - wt-1 - mcgrath1","300 - wt-1","59.8582893739","98.7032619528174","6.71921984264574","Inf","1.65245195304593","0","0.49723181750682",NA,NA,NA,NA,NA,NA,NA,NA,"16","6","10","1.12082402402786","0.0700515015017415","0.264672441900817","0.334787100114067","16.869639915118"
"none","300","wt-3","tobacco","ripe5","0","0","1","0","RECT-12243-20210724-05_20_30","10238.9","302.212","4052.3","0.925422105964514","-0.323430118240924","0.5","6","0.5","0: Broadleaf","999.9","0","0","0","0","4.99958","0","0","15","2","0","999.9","1","9999","9999","5","0","0","0","11111111","oooooooo","off","off","off","off","0","100","100","6","2275","1","21","18","21","data/tobacco/2023-03-24 ed aci ripe5","2023-03-24","300 - wt-3 - ripe5","300 - wt-3","67.3547612096811","111.203263123432","7.57234148313819","Inf","1.73909917766027","0","0.460169299813251",NA,NA,NA,NA,NA,NA,NA,NA,"17","6","11","2.64875354091827","0.155809031818722","0.39472652788826","0.490709462357427","30.6387991262389"
"none","300","wt-8","tobacco","ripe5","0","0","1","0","RECT-12243-20210724-05_20_30","10238.9","302.212","4052.3","0.925422105964514","-0.323430118240924","0.5","6","0.5","0: Broadleaf","999.9","0","0","0","0","4.99958","0","0","15","2","0","999.9","1","9999","9999","5","0","0","0","11111111","oooooooo","off","off","off","off","0","100","100","6","2275","1","21","18","21","data/tobacco/2023-03-23 ed aci ripe5","2023-03-23","300 - wt-8 - ripe5","300 - wt-8","62.444669210741","98.9136576664421","6.56502318486074","Inf","1.2392372742293","0","0.239087334504649",NA,NA,NA,NA,NA,NA,NA,NA,"17","6","11","6.21512399490552","0.36559552911209","0.604644961206235","0.751672317079815","45.138039766455"
"none","300","wt-9","tobacco","ripe5","0","0","1","0","RECT-12243-20210724-05_20_30","10238.9","302.212","4052.3","0.925422105964514","-0.323430118240924","0.5","6","0.5","0: Broadleaf","999.9","0","0","0","0","4.99958","0","0","15","2","0","999.9","1","9999","9999","5","0","0","0","11111111","oooooooo","off","off","off","off","0","100","100","6","2275","1","21","18","21","data/tobacco/2023-03-23 ed aci ripe5","2023-03-23","300 - wt-9 - ripe5","300 - wt-9","69.2766449547161","102.948309445939","6.82343482397348","Inf","0.933254976728784","0","0.552638888538917",NA,NA,NA,NA,NA,NA,NA,NA,"17","6","11","9.61797484893722","0.565763226408072","0.752172338236439","0.935072911544006","52.5610566535008"
"none","400","wt-10","tobacco","ripe5","0","0","1","0","RECT-12243-20210724-05_20_30","10238.9","302.212","4052.3","0.925422105964514","-0.323430118240924","0.5","6","0.5","0: Broadleaf","999.9","0","0","0","0","4.99958","0","0","15","2","0","999.9","1","9999","9999","5","0","0","0","11111111","oooooooo","off","off","off","off","0","100","100","6","2275","1","21","18","21","data/tobacco/2023-03-23 ed aci ripe5","2023-03-23","400 - wt-10 - ripe5","400 - wt-10","80.0899113145497","131.420020489153","7.17353974812019","Inf","1.56091958941378","0","0.527356362767235",NA,NA,NA,NA,NA,NA,NA,NA,"17","6","11","4.4671012288276","0.262770660519271","0.512611607866297","0.637259846304159","39.5238582410743"
"none","400","wt-2","tobacco","mcgrath1","0","0","1","0","RECT-12243-20210724-05_20_30","10238.9","302.212","4052.3","0.925422105964514","-0.323430118240924","0.5","6","0.5","0: Broadleaf","999.9","0","0","0","0","5.00098","0","0","15","2","0","999.9","1","9999","9999","5","0","0","0","11111111","oooooooo","off","off","off","off","0","100","100","1","2242","1","25","18","21","data/tobacco/2023-03-23 ed aci mcgrath1","2023-03-23","400 - wt-2 - mcgrath1","400 - wt-2","65.4741111549699","117.1578563225","8.79754641625498","Inf","2.2457163838031","0.165442940759593","0",NA,NA,NA,NA,NA,NA,NA,NA,"17","6","11","9.75534393523215","0.573843760896009","0.757524759262698","0.941726843972003","52.8021422032852"
"none","400","wt-3","tobacco","ripe5","0","0","1","0","RECT-12243-20210724-05_20_30","10238.9","302.212","4052.3","0.925422105964514","-0.323430118240924","0.5","6","0.5","0: Broadleaf","999.9","0","0","0","0","4.99958","0","0","15","2","0","999.9","1","9999","9999","5","0","0","0","11111111","oooooooo","off","off","off","off","0","100","100","6","2275","1","21","18","21","data/tobacco/2023-03-24 ed aci ripe5","2023-03-24","400 - wt-3 - ripe5","400 - wt-3","76.7923793904816","140.50400452657","8.42615560595561","Inf","3.81713501327317","0.412172871246174","0.75",NA,NA,NA,NA,NA,NA,NA,NA,"17","6","11","1.72610210616009","0.101535418009417","0.318646227044064","0.39612923811211","23.3590010061019"
"none","400","wt-9","tobacco","mcgrath1","0","0","1","0","RECT-12243-20210724-05_20_30","10238.9","302.212","4052.3","0.925422105964514","-0.323430118240924","0.5","6","0.5","0: Broadleaf","999.9","0","0","0","0","5.00098","0","0","15","2","0","999.9","1","9999","9999","5","0","0","0","11111111","oooooooo","off","off","off","off","0","100","100","1","2242","1","25","18","21","data/tobacco/2023-03-24 ed aci mcgrath1","2023-03-24","400 - wt-9 - mcgrath1","400 - wt-9","79.2543020730399","127.965853321551","7.64748429052799","Inf","2.6195264579892","0.30528851176827","0.75",NA,NA,NA,NA,NA,NA,NA,NA,"17","6","11","2.95390296225123","0.173758997779484","0.416844092892636","0.518205203497543","32.4924479573121"
"none","450","wt-5","tobacco","mcgrath2","0","0","1","0","RECT-12243-20210724-05_20_30","10238.9","302.212","4052.3","0.925422105964514","-0.323430118240924","0.5","6","0.5","0: Broadleaf","999.9","0","0","0","0","4.99977","0","0","15","2","0","999.9","1","9999","9999","5","0","0","0","11111111","oooooooo","off","off","off","off","0","100","100","2","2094","1","26","18","21","data/tobacco/2023-03-21 ed aci mcgrath2","2023-03-21","450 - wt-5 - mcgrath2","450 - wt-5","70.9198229669558","136.722495617167","9.3361396844644","Inf","3.91866355592624","0.676834365477211","0",NA,NA,NA,NA,NA,NA,NA,NA,"16","6","10","1.32168577347799","0.0826053608423745","0.287411483490786","0.363549965407507","19.5071418734008"
"none","500","wt-10","tobacco","mcgrath1","0","0","1","0","RECT-12243-20210724-05_20_30","10238.9","302.212","4052.3","0.925422105964514","-0.323430118240924","0.5","6","0.5","0: Broadleaf","999.9","0","0","0","0","5.00098","0","0","15","2","0","999.9","1","9999","9999","5","0","0","0","11111111","oooooooo","off","off","off","off","0","100","100","1","2242","1","25","18","21","data/tobacco/2023-03-23 ed aci mcgrath1","2023-03-23","500 - wt-10 - mcgrath1","500 - wt-10","81.1053138119178","139.646294446608","8.14088251062482","Inf","1.43516768674432","0","0.551454436462666",NA,NA,NA,NA,NA,NA,NA,NA,"17","6","11","9.23757394731821","0.543386702783424","0.73714768044363","0.916394811070098","51.8750312332028"
"none","500","wt-3","tobacco","ripe5","0","0","1","0","RECT-12243-20210724-05_20_30","10238.9","302.212","4052.3","0.925422105964514","-0.323430118240924","0.5","6","0.5","0: Broadleaf","999.9","0","0","0","0","4.99958","0","0","15","2","0","999.9","1","9999","9999","5","0","0","0","11111111","oooooooo","off","off","off","off","0","100","100","6","2275","1","21","18","21","data/tobacco/2023-03-23 ed aci ripe5","2023-03-23","500 - wt-3 - ripe5","500 - wt-3","91.9428609828586","156.39807887243","9.47157502576254","Inf","4.18866942641801","0.518565304157959","0.75",NA,NA,NA,NA,NA,NA,NA,NA,"17","6","11","0.912943766128003","0.0537025744781178","0.231738159305104","0.288088333380265","12.5309064041732"
"none","500","wt-7","tobacco","ripe5","0","0","1","0","RECT-12243-20210724-05_20_30","10238.9","302.212","4052.3","0.925422105964514","-0.323430118240924","0.5","6","0.5","0: Broadleaf","999.9","0","0","0","0","4.99958","0","0","15","2","0","999.9","1","9999","9999","5","0","0","0","11111111","oooooooo","off","off","off","off","0","100","100","6","2275","1","21","18","21","data/tobacco/2023-03-24 ed aci ripe5","2023-03-24","500 - wt-7 - ripe5","500 - wt-7","96.4846462268445","159.07957965","8.05863400337567","Inf","3.0694395269485","0.272247663004639","0.75",NA,NA,NA,NA,NA,NA,NA,NA,"17","6","11","2.61992854124373","0.154113443602573","0.392572851331536","0.488032091087511","30.4527830121354"
"none","500","wt-9","tobacco","mcgrath1","0","0","1","0","RECT-12243-20210724-05_20_30","10238.9","302.212","4052.3","0.925422105964514","-0.323430118240924","0.5","6","0.5","0: Broadleaf","999.9","0","0","0","0","5.00098","0","0","15","2","0","999.9","1","9999","9999","5","0","0","0","11111111","oooooooo","off","off","off","off","0","100","100","1","2242","1","25","18","21","data/tobacco/2023-03-24 ed aci mcgrath1","2023-03-24","500 - wt-9 - mcgrath1","500 - wt-9","71.2856229976732","140.632806555213","7.51834673727049","Inf","2.10073079596953","0","0.75",NA,NA,NA,NA,NA,NA,NA,NA,"17","6","11","19.1311668888063","1.12536275816508","1.06083116383573","1.3187861805052","64.2517025304579"
"none","600","wt-1","tobacco","mcgrath1","0","0","1","0","RECT-12243-20210724-05_20_30","10238.9","302.212","4052.3","0.925422105964514","-0.323430118240924","0.5","6","0.5","0: Broadleaf","999.9","0","0","0","0","5.00098","0","0","15","2","0","999.9","1","9999","9999","5","0","0","0","11111111","oooooooo","off","off","off","off","0","100","100","1","2242","1","25","18","21","data/tobacco/2023-03-24 ed aci mcgrath1","2023-03-24","600 - wt-1 - mcgrath1","600 - wt-1","73.3237901943797","136.91442895048","6.50200027519749","Inf","1.31791733047263","0.0256536186495659","0.75",NA,NA,NA,NA,NA,NA,NA,NA,"17","6","11","9.47306738233882","0.557239257784636","0.746484599830858","0.928002124916201","52.3029801993577"
"none","600","wt-8","tobacco","mcgrath2","0","0","1","0","RECT-12243-20210724-05_20_30","10238.9","302.212","4052.3","0.925422105964514","-0.323430118240924","0.5","6","0.5","0: Broadleaf","999.9","0","0","0","0","4.99977","0","0","15","2","0","999.9","1","9999","9999","5","0","0","0","11111111","oooooooo","off","off","off","off","0","100","100","2","2094","1","26","18","21","data/tobacco/2023-03-21 ed aci mcgrath2","2023-03-21","600 - wt-8 - mcgrath2","600 - wt-8","73.9747669840553","139.922064333081","7.82547399350808","Inf","1.28422798953158","0","0.75",NA,NA,NA,NA,NA,NA,NA,NA,"16","6","10","5.44441470463675","0.340275919039797","0.583331740127174","0.737862772108524","42.1580576402463"
"none","600","wt-9","tobacco","mcgrath1","0","0","1","0","RECT-12243-20210724-05_20_30","10238.9","302.212","4052.3","0.925422105964514","-0.323430118240924","0.5","6","0.5","0: Broadleaf","999.9","0","0","0","0","5.00098","0","0","15","2","0","999.9","1","9999","9999","5","0","0","0","11111111","oooooooo","off","off","off","off","0","100","100","1","2242","1","25","18","21","data/tobacco/2023-03-23 ed aci mcgrath1","2023-03-23","600 - wt-9 - mcgrath1","600 - wt-9","80.4643777344463","144.516368767133","7.33015445660758","Inf","0.920582593023437","0","0.75",NA,NA,NA,NA,NA,NA,NA,NA,"17","6","11","17.5356017087496","1.03150598286762","1.0156308300104","1.26259479243593","62.7712476414314"
"none","800","wt-5","tobacco","mcgrath1","0","0","1","0","RECT-12243-20210724-05_20_30","10238.9","302.212","4052.3","0.925422105964514","-0.323430118240924","0.5","6","0.5","0: Broadleaf","999.9","0","0","0","0","5.00098","0","0","15","2","0","999.9","1","9999","9999","5","0","0","0","11111111","oooooooo","off","off","off","off","0","100","100","1","2242","1","25","18","21","data/tobacco/2023-03-23 ed aci mcgrath1","2023-03-23","800 - wt-5 - mcgrath1","800 - wt-5","89.5848353948101","179.045086082126","8.64532914477677","Inf","0.911554973442298","0.0202806906003473","0.75",NA,NA,NA,NA,NA,NA,NA,NA,"17","6","11","50.3860833276608","2.96388725456828","1.72159439316242","2.14022265892765","80.7144384924483"
